filename,file_type,approx_rows,columns_count,columns,size_mb,sample_date_range,commodities_count,states_count,unit,suitability
Datasets/csv/2023.csv,CSV (All-India Agmarknet Daily Records),4415690,11,State; District; Market; Commodity; Variety; Grade; Arrival_Date; Min_Price; Max_Price; Modal_Price; Commodity_Code,384.54,2023-01-01 to 2023-01-02,226,22,Rs./Quintal,"Time-series price forecasting, cross-market spot price discovery"
Datasets/csv/2024.csv,CSV (All-India Agmarknet Daily Records),5544500,11,State; District; Market; Commodity; Variety; Grade; Arrival_Date; Min_Price; Max_Price; Modal_Price; Commodity_Code,507.75,2024-01-01 to 2024-01-01,206,21,Rs./Quintal,"Time-series price forecasting, cross-market spot price discovery"
Datasets/csv/2025.csv,CSV (All-India Agmarknet Daily Records),5819482,11,State; District; Market; Commodity; Variety; Grade; Arrival_Date; Min_Price; Max_Price; Modal_Price; Commodity_Code,547.1,2025-01-01 to 2025-01-01,188,17,Rs./Quintal,"Time-series price forecasting, cross-market spot price discovery"
Datasets/csv/2026.csv,CSV (All-India Agmarknet Daily Records),593539,11,State; District; Market; Commodity; Variety; Grade; Arrival_Date; Min_Price; Max_Price; Modal_Price; Commodity_Code,59.8,2025-12-30 to 2025-12-31,215,28,Rs./Quintal,"Time-series price forecasting, cross-market spot price discovery"
Datasets/archive/Tomato.csv,CSV (Historical Agmarknet Crop Prices & Arrivals),2338352,10,State Name; District Name; Market Name; Variety; Group; Arrivals (Tonnes); Min Price (Rs./Quintal); Max Price (Rs./Quintal); Modal Price (Rs./Quintal); Reported Date,186.09,01 Apr 2003 to 31 Oct 2023,1,2,"Price: Rs./Quintal, Arrivals: Tonnes","Crop-specific price modeling, supply & arrival momentum analysis"
Datasets/archive/Potato.csv,CSV (Historical Agmarknet Crop Prices & Arrivals),2764987,10,State Name; District Name; Market Name; Variety; Group; Arrivals (Tonnes); Min Price (Rs./Quintal); Max Price (Rs./Quintal); Modal Price (Rs./Quintal); Reported Date,218.84,01 Apr 2003 to 31 Oct 2023,1,2,"Price: Rs./Quintal, Arrivals: Tonnes","Crop-specific price modeling, supply & arrival momentum analysis"
Datasets/archive/Onion.csv,CSV (Historical Agmarknet Crop Prices & Arrivals),2624379,10,State Name; District Name; Market Name; Variety; Group; Arrivals (Tonnes); Min Price (Rs./Quintal); Max Price (Rs./Quintal); Modal Price (Rs./Quintal); Reported Date,207.39,01 Apr 2003 to 31 Oct 2023,1,2,"Price: Rs./Quintal, Arrivals: Tonnes","Crop-specific price modeling, supply & arrival momentum analysis"
Datasets/archive/Wheat.csv,CSV (Historical Agmarknet Crop Prices & Arrivals),2593767,10,State Name; District Name; Market Name; Variety; Group; Arrivals (Tonnes); Min Price (Rs./Quintal); Max Price (Rs./Quintal); Modal Price (Rs./Quintal); Reported Date,203.12,01 Apr 2006 to 31 Oct 2021,1,5,"Price: Rs./Quintal, Arrivals: Tonnes","Crop-specific price modeling, supply & arrival momentum analysis"
Datasets/archive/Rice.csv,CSV (Historical Agmarknet Crop Prices & Arrivals),1436499,10,State Name; District Name; Market Name; Variety; Group; Arrivals (Tonnes); Min Price (Rs./Quintal); Max Price (Rs./Quintal); Modal Price (Rs./Quintal); Reported Date,113.38,01 Apr 2006 to 31 Oct 2019,1,3,"Price: Rs./Quintal, Arrivals: Tonnes","Crop-specific price modeling, supply & arrival momentum analysis"
Datasets/archive/Cotton.csv,CSV (Historical Agmarknet Crop Prices & Arrivals),694063,10,State Name; District Name; Market Name; Variety; Group; Arrivals (Tonnes); Min Price (Rs./Quintal); Max Price (Rs./Quintal); Modal Price (Rs./Quintal); Reported Date,58.19,01 Apr 2005 to 31 Oct 2023,1,2,"Price: Rs./Quintal, Arrivals: Tonnes","Crop-specific price modeling, supply & arrival momentum analysis"
Datasets/archive/Mustard.csv,CSV (Historical Agmarknet Crop Prices & Arrivals),1220240,10,State Name; District Name; Market Name; Variety; Group; Arrivals; Min Price; Max Price; Modal Price; Reported Date,99.68,01 Apr 2006 to 31 Oct 2022,1,5,"Price: Rs./Quintal, Arrivals: Tonnes","Crop-specific price modeling, supply & arrival momentum analysis"
Datasets/archive/Soyabean.csv,CSV (Historical Agmarknet Crop Prices & Arrivals),888414,10,State Name; District Name; Market Name; Variety; Group; Arrivals (Tonnes); Min Price (Rs./Quintal); Max Price (Rs./Quintal); Modal Price (Rs./Quintal); Reported Date,71.74,01 Apr 2003 to 31 Oct 2023,1,3,"Price: Rs./Quintal, Arrivals: Tonnes","Crop-specific price modeling, supply & arrival momentum analysis"
Datasets/archive/* (Other 317 commodities),CSV (Agmarknet Single Commodity Datasets),"> 15,000,000 across all files",10,State Name; District Name; Market Name; Variety; Group; Arrivals (Tonnes); Min Price (Rs./Quintal); Max Price (Rs./Quintal); Modal Price (Rs./Quintal); Reported Date,4526.0,2005 to 2024+,325,30,"Price: Rs./Quintal, Arrivals: Tonnes",Broad crop coverage for any farm produce
